date,product_id,product_name,category,quantity,unit_price
2024-01-03,ELEC-001,Samsung Galaxy M34,electronics,12,18999.00
2024-01-05,FASH-001,Manyavar Kurta Set,fashion,25,2499.00
2024-01-07,GROC-001,Amul Full Cream Milk 1L,grocery,180,68.00
2024-01-08,HOME-001,Prestige Pressure Cooker 5L,home,14,1850.00
2024-01-09,SPRT-001,Nivia Football,sports,9,649.00
2024-01-10,ELEC-002,boAt Rockerz 450 Headphones,electronics,30,1799.00
2024-01-11,FASH-002,W for Woman Printed Saree,fashion,18,1299.00
2024-01-12,GROC-002,Tata Salt 1kg,grocery,220,28.00
2024-01-13,HOME-002,Milton Thermosteel Flask 1L,home,22,699.00
2024-01-14,SPRT-002,Cosco Cricket Bat,sports,6,1250.00
2024-01-15,ELEC-003,Realme Narzo 60,electronics,8,14999.00
2024-01-16,FASH-003,Raymond Formal Trousers,,17,2199.00
2024-01-17,GROC-003,Aashirvaad Atta 5kg,grocery,95,280.00
2024-01-18,HOME-003,Asian Paints Tractor Emulsion 4L,home,11,890.00
2024-01-19,SPRT-003,Yonex Badminton Racket,sports,14,1499.00
2024-01-20,ELEC-004,Philips Air Fryer HD9200,electronics,5,6999.00
2024-01-21,FASH-004,Fabindia Cotton Kurta,,12,1599.00
2024-01-22,GROC-004,Maggi Noodles 12-pack,grocery,145,180.00
2024-01-23,HOME-001,Prestige Pressure Cooker 5L,home,9,1850.00
2024-01-24,SPRT-004,Adidas Running Shoes,sports,7,3499.00
2024-01-25,ELEC-001,Samsung Galaxy M34,electronics,-4,18999.00
2024-01-26,FASH-001,Manyavar Kurta Set,fashion,31,2499.00
2024-01-27,GROC-001,Amul Full Cream Milk 1L,grocery,195,68.00
2024-01-28,HOME-004,Bajaj Majesty Rice Cooker,,8,1299.00
2024-01-29,SPRT-001,Nivia Football,sports,12,649.00
2024-01-30,ELEC-002,boAt Rockerz 450 Headphones,electronics,22,1799.00
2024-01-31,FASH-002,W for Woman Printed Saree,fashion,27,1299.00
2024-02-01,GROC-002,Tata Salt 1kg,grocery,230,28.00
2024-02-02,HOME-002,Milton Thermosteel Flask 1L,home,18,699.00
2024-02-03,SPRT-002,Cosco Cricket Bat,sports,8,1250.00
2024-02-04,ELEC-003,Realme Narzo 60,electronics,11,14999.00
2024-02-05,FASH-003,Raymond Formal Trousers,fashion,22,2199.00
2024-02-06,GROC-003,Aashirvaad Atta 5kg,grocery,87,280.00
2024-02-07,HOME-003,Asian Paints Tractor Emulsion 4L,home,15,890.00
2024-02-08,SPRT-003,Yonex Badminton Racket,sports,10,1499.00
2024-02-09,ELEC-004,Philips Air Fryer HD9200,electronics,4,6999.00
2024-02-10,FASH-004,Fabindia Cotton Kurta,fashion,19,1599.00
2024-02-11,GROC-004,Maggi Noodles 12-pack,grocery,130,180.00
2024-02-12,HOME-001,Prestige Pressure Cooker 5L,home,7,1850.00
2024-02-13,SPRT-004,Adidas Running Shoes,sports,5,3499.00
2024-02-14,ELEC-001,Samsung Galaxy M34,electronics,14,18999.00
2024-02-15,FASH-001,Manyavar Kurta Set,fashion,28,2499.00
2024-02-16,GROC-001,Amul Full Cream Milk 1L,grocery,210,68.00
2024-02-17,HOME-004,Bajaj Majesty Rice Cooker,home,6,1299.00
2024-02-18,SPRT-001,Nivia Football,sports,-3,649.00
2024-02-19,ELEC-002,boAt Rockerz 450 Headphones,electronics,28,1799.00
2024-02-20,FASH-002,W for Woman Printed Saree,fashion,20,1299.00
2024-02-21,GROC-002,Tata Salt 1kg,grocery,215,28.00
2024-02-22,HOME-002,Milton Thermosteel Flask 1L,home,20,699.00
2024-02-23,SPRT-002,Cosco Cricket Bat,sports,7,1250.00
2024-02-24,ELEC-003,Realme Narzo 60,,9,1.00
2024-02-25,FASH-003,Raymond Formal Trousers,fashion,21,2199.00
2024-02-26,GROC-003,Aashirvaad Atta 5kg,grocery,92,280.00
2024-02-27,HOME-003,Asian Paints Tractor Emulsion 4L,home,13,890.00
2024-02-28,SPRT-003,Yonex Badminton Racket,sports,11,1499.00
2024-03-01,ELEC-004,Philips Air Fryer HD9200,electronics,6,6999.00
2024-03-02,FASH-004,Fabindia Cotton Kurta,fashion,15,1599.00
2024-03-03,GROC-004,Maggi Noodles 12-pack,grocery,140,180.00
2024-03-04,HOME-001,Prestige Pressure Cooker 5L,home,10,1850.00
2024-03-05,SPRT-004,Adidas Running Shoes,sports,9,3499.00
2024-03-06,ELEC-001,Samsung Galaxy M34,electronics,10,18999.00
2024-03-07,FASH-001,Manyavar Kurta Set,,24,2499.00
2024-03-08,GROC-001,Amul Full Cream Milk 1L,grocery,185,68.00
2024-03-09,HOME-004,Bajaj Majesty Rice Cooker,home,7,1299.00
2024-03-10,SPRT-001,Nivia Football,sports,11,649.00
2024-03-11,ELEC-002,boAt Rockerz 450 Headphones,electronics,25,1799.00
2024-03-12,FASH-002,W for Woman Printed Saree,fashion,16,1299.00
2024-03-13,GROC-002,Tata Salt 1kg,grocery,205,28.00
2024-03-14,HOME-002,Milton Thermosteel Flask 1L,home,19,699.00
2024-03-15,SPRT-002,Cosco Cricket Bat,sports,6,1250.00
2024-03-16,ELEC-003,Realme Narzo 60,electronics,7,14999.00
2024-03-17,FASH-003,Raymond Formal Trousers,fashion,18,2199.00
2024-03-18,GROC-004,Maggi Noodles 12-pack,grocery,-8,180.00
2024-03-19,HOME-003,Asian Paints Tractor Emulsion 4L,home,12,890.00
2024-03-20,SPRT-003,Yonex Badminton Racket,sports,13,1499.00
2024-03-21,ELEC-004,Philips Air Fryer HD9200,electronics,5,6999.00
2024-03-22,FASH-004,Fabindia Cotton Kurta,fashion,14,1599.00
2024-03-23,GROC-003,Aashirvaad Atta 5kg,grocery,98,280.00
2024-03-24,HOME-001,Prestige Pressure Cooker 5L,,8,1850.00
2024-03-25,SPRT-004,Adidas Running Shoes,sports,8,3499.00
2024-03-26,ELEC-001,Samsung Galaxy M34,electronics,13,18999.00
2024-03-27,FASH-001,Manyavar Kurta Set,fashion,26,2499.00
2024-03-28,GROC-001,Amul Full Cream Milk 1L,grocery,200,68.00
2024-03-29,HOME-004,Bajaj Majesty Rice Cooker,home,9,1299.00
2024-03-30,SPRT-001,Nivia Football,sports,10,649.00
2024-04-01,ELEC-002,boAt Rockerz 450 Headphones,electronics,27,1799.00
2024-04-02,FASH-002,W for Woman Printed Saree,,22,1299.00
2024-04-03,GROC-002,Tata Salt 1kg,grocery,218,28.00
2024-04-04,HOME-002,Milton Thermosteel Flask 1L,home,21,699.00
2024-04-05,SPRT-002,Cosco Cricket Bat,sports,9,1250.00
2024-04-06,ELEC-003,Realme Narzo 60,electronics,12,14999.00
2024-04-07,FASH-003,Raymond Formal Trousers,fashion,20,2199.00
2024-04-08,GROC-003,Aashirvaad Atta 5kg,grocery,88,280.00
2024-04-09,HOME-003,Asian Paints Tractor Emulsion 4L,home,16,890.00
2024-04-10,SPRT-003,Yonex Badminton Racket,sports,12,1499.00
2024-04-11,ELEC-004,Philips Air Fryer HD9200,electronics,7,6999.00
2024-04-12,FASH-004,Fabindia Cotton Kurta,fashion,17,1599.00
2024-04-13,GROC-004,Maggi Noodles 12-pack,grocery,135,180.00
2024-04-14,HOME-001,Prestige Pressure Cooker 5L,home,11,1850.00
2024-04-15,SPRT-004,Adidas Running Shoes,sports,6,3499.00
2024-04-16,ELEC-001,Samsung Galaxy M34,electronics,9,18999.00
2024-04-17,FASH-001,Manyavar Kurta Set,fashion,23,2499.00
2024-04-18,GROC-001,Amul Full Cream Milk 1L,grocery,175,68.00
2024-04-19,HOME-004,Bajaj Majesty Rice Cooker,home,5,1299.00
2024-04-20,SPRT-001,Nivia Football,sports,-12,649.00
2024-04-21,GROC-004,Maggi Noodles 12-pack,grocery,99999.00,180.00
2024-04-22,ELEC-002,boAt Rockerz 450 Headphones,,24,1799.00
2024-04-23,FASH-002,W for Woman Printed Saree,fashion,19,1299.00
2024-04-24,GROC-002,Tata Salt 1kg,grocery,222,28.00
2024-04-25,HOME-002,Milton Thermosteel Flask 1L,home,17,699.00
2024-04-26,SPRT-002,Cosco Cricket Bat,sports,8,1250.00
2024-04-27,ELEC-003,Realme Narzo 60,electronics,10,14999.00
2024-04-28,FASH-003,Raymond Formal Trousers,fashion,22,2199.00
2024-04-29,GROC-003,Aashirvaad Atta 5kg,grocery,91,280.00
2024-04-30,HOME-003,Asian Paints Tractor Emulsion 4L,home,14,890.00
2024-05-01,SPRT-003,Yonex Badminton Racket,sports,11,1499.00
2024-05-02,ELEC-004,Philips Air Fryer HD9200,electronics,6,6999.00
2024-05-03,FASH-004,Fabindia Cotton Kurta,fashion,16,1599.00
2024-05-04,GROC-004,Maggi Noodles 12-pack,grocery,142,180.00
2024-05-05,HOME-001,Prestige Pressure Cooker 5L,home,12,1850.00
2024-05-06,SPRT-004,Adidas Running Shoes,sports,7,3499.00
2024-05-07,ELEC-001,Samsung Galaxy M34,electronics,11,18999.00
2024-05-08,FASH-001,Manyavar Kurta Set,fashion,20,2499.00
2024-05-09,GROC-001,Amul Full Cream Milk 1L,grocery,190,68.00
2024-05-10,HOME-004,Bajaj Majesty Rice Cooker,home,8,1299.00
2024-05-11,SPRT-001,Nivia Football,sports,13,649.00
2024-05-12,ELEC-002,boAt Rockerz 450 Headphones,electronics,31,1799.00
2024-05-13,FASH-002,W for Woman Printed Saree,,15,1299.00
2024-05-14,GROC-002,Tata Salt 1kg,grocery,208,28.00
2024-05-15,HOME-002,Milton Thermosteel Flask 1L,home,16,699.00
2024-05-16,SPRT-002,Cosco Cricket Bat,sports,10,1250.00
2024-05-17,ELEC-003,Realme Narzo 60,electronics,8,14999.00
2024-05-18,FASH-003,Raymond Formal Trousers,fashion,19,2199.00
2024-05-19,GROC-003,Aashirvaad Atta 5kg,grocery,96,280.00
2024-05-20,HOME-003,Asian Paints Tractor Emulsion 4L,home,13,890.00
2024-05-21,SPRT-003,Yonex Badminton Racket,sports,9,1499.00
2024-05-22,ELEC-004,Philips Air Fryer HD9200,electronics,5,6999.00
2024-05-23,FASH-004,Fabindia Cotton Kurta,fashion,13,1599.00
2024-05-24,GROC-004,Maggi Noodles 12-pack,grocery,128,180.00
2024-05-25,HOME-001,Prestige Pressure Cooker 5L,,9,1850.00
2024-05-26,SPRT-004,Adidas Running Shoes,sports,6,3499.00
2024-05-27,ELEC-001,Samsung Galaxy M34,electronics,10,18999.00
2024-05-28,FASH-001,Manyavar Kurta Set,fashion,22,2499.00
2024-05-29,GROC-001,Amul Full Cream Milk 1L,grocery,185,68.00
2024-05-30,HOME-004,Bajaj Majesty Rice Cooker,home,7,1299.00
2024-05-31,SPRT-001,Nivia Football,sports,14,649.00
2024-06-01,ELEC-002,boAt Rockerz 450 Headphones,electronics,26,1799.00
2024-06-02,FASH-002,W for Woman Printed Saree,fashion,17,1299.00
2024-06-03,GROC-002,Tata Salt 1kg,grocery,225,28.00
2024-06-04,HOME-002,Milton Thermosteel Flask 1L,home,18,699.00
2024-06-05,SPRT-002,Cosco Cricket Bat,sports,-5,1250.00
2024-06-06,ELEC-003,Realme Narzo 60,electronics,9,14999.00
2024-06-07,FASH-003,Raymond Formal Trousers,fashion,21,2199.00
2024-06-08,GROC-003,Aashirvaad Atta 5kg,grocery,89,280.00
2024-06-09,HOME-003,Asian Paints Tractor Emulsion 4L,,15,890.00
2024-06-10,SPRT-003,Yonex Badminton Racket,sports,12,1499.00
2024-06-11,ELEC-004,Philips Air Fryer HD9200,electronics,7,6999.00
2024-06-12,FASH-004,Fabindia Cotton Kurta,fashion,18,1599.00
2024-06-13,GROC-004,Maggi Noodles 12-pack,grocery,138,180.00
2024-06-14,HOME-001,Prestige Pressure Cooker 5L,home,10,1850.00
2024-06-15,SPRT-004,Adidas Running Shoes,sports,8,3499.00
2024-06-16,ELEC-001,Samsung Galaxy M34,electronics,12,18999.00
2024-06-17,FASH-001,Manyavar Kurta Set,fashion,25,2499.00
2024-06-18,GROC-001,Amul Full Cream Milk 1L,grocery,195,68.00
2024-06-19,HOME-004,Bajaj Majesty Rice Cooker,home,6,1299.00
2024-06-20,SPRT-001,Nivia Football,sports,11,649.00
2024-06-21,ELEC-002,boAt Rockerz 450 Headphones,electronics,28,1799.00
2024-06-22,FASH-002,W for Woman Printed Saree,fashion,16,1299.00
2024-06-23,GROC-002,Tata Salt 1kg,grocery,210,28.00
2024-06-24,HOME-002,Milton Thermosteel Flask 1L,home,20,699.00
2024-06-25,SPRT-002,Cosco Cricket Bat,sports,7,1250.00
2024-06-26,ELEC-003,Realme Narzo 60,electronics,8,14999.00
2024-06-27,FASH-003,Raymond Formal Trousers,,20,2199.00
2024-06-28,GROC-003,Aashirvaad Atta 5kg,grocery,93,280.00
2024-06-29,HOME-003,Asian Paints Tractor Emulsion 4L,home,11,890.00
2024-06-30,SPRT-003,Yonex Badminton Racket,sports,10,1499.00
2024-07-01,ELEC-004,Philips Air Fryer HD9200,electronics,6,6999.00
2024-07-02,FASH-004,Fabindia Cotton Kurta,fashion,14,1599.00
2024-07-03,GROC-004,Maggi Noodles 12-pack,grocery,133,180.00
2024-07-04,HOME-001,Prestige Pressure Cooker 5L,home,8,1850.00
2024-07-05,SPRT-004,Adidas Running Shoes,sports,9,3499.00
2024-07-06,ELEC-001,Samsung Galaxy M34,,10,18999.00
2024-07-07,FASH-001,Manyavar Kurta Set,fashion,21,2499.00
2024-07-08,GROC-001,Amul Full Cream Milk 1L,grocery,180,68.00
2024-07-09,HOME-004,Bajaj Majesty Rice Cooker,home,7,1299.00
2024-07-10,SPRT-001,Nivia Football,sports,10,649.00
2024-07-11,ELEC-002,boAt Rockerz 450 Headphones,electronics,23,1799.00
2024-07-12,FASH-002,W for Woman Printed Saree,fashion,18,1299.00
2024-07-13,GROC-002,Tata Salt 1kg,grocery,220,28.00
2024-07-14,HOME-002,Milton Thermosteel Flask 1L,home,17,699.00
2024-07-15,SPRT-002,Cosco Cricket Bat,sports,8,1250.00
2024-07-16,ELEC-003,Realme Narzo 60,electronics,-6,14999.00
2024-07-17,FASH-003,Raymond Formal Trousers,fashion,19,2199.00
2024-07-18,GROC-003,Aashirvaad Atta 5kg,grocery,90,280.00
2024-07-19,HOME-003,Asian Paints Tractor Emulsion 4L,home,14,890.00
2024-07-20,SPRT-003,Yonex Badminton Racket,sports,11,1499.00
2024-07-21,ELEC-004,Philips Air Fryer HD9200,electronics,5,6999.00
2024-07-22,FASH-004,Fabindia Cotton Kurta,fashion,12,1599.00
2024-07-23,GROC-004,Maggi Noodles 12-pack,grocery,129,180.00
2024-07-24,HOME-001,Prestige Pressure Cooker 5L,home,9,1850.00
2024-07-25,SPRT-004,Adidas Running Shoes,sports,7,3499.00
2024-07-26,ELEC-001,Samsung Galaxy M34,electronics,11,18999.00
2024-07-27,FASH-001,Manyavar Kurta Set,,23,2499.00
2024-07-28,GROC-001,Amul Full Cream Milk 1L,grocery,188,68.00
2024-07-29,HOME-004,Bajaj Majesty Rice Cooker,home,8,1299.00
2024-07-30,SPRT-001,Nivia Football,sports,9,649.00
2024-07-31,GROC-002,Tata Salt 1kg,grocery,215,99999.00
2024-08-01,ELEC-002,boAt Rockerz 450 Headphones,electronics,25,1799.00
2024-08-02,FASH-002,W for Woman Printed Saree,fashion,16,1299.00
2024-08-03,GROC-002,Tata Salt 1kg,grocery,212,28.00
2024-08-04,HOME-002,Milton Thermosteel Flask 1L,home,19,699.00
2024-08-05,SPRT-002,Cosco Cricket Bat,sports,6,1250.00
2024-08-06,ELEC-003,Realme Narzo 60,electronics,10,14999.00
2024-08-07,FASH-003,Raymond Formal Trousers,fashion,20,2199.00
2024-08-08,GROC-003,Aashirvaad Atta 5kg,grocery,95,280.00
2024-08-09,HOME-003,Asian Paints Tractor Emulsion 4L,,12,890.00
2024-08-10,SPRT-003,Yonex Badminton Racket,sports,13,1499.00
2024-08-11,ELEC-004,Philips Air Fryer HD9200,electronics,7,6999.00
2024-08-12,FASH-004,Fabindia Cotton Kurta,fashion,17,1599.00
2024-08-13,GROC-004,Maggi Noodles 12-pack,grocery,140,180.00
2024-08-14,HOME-001,Prestige Pressure Cooker 5L,home,11,1850.00
2024-08-15,SPRT-004,Adidas Running Shoes,sports,8,3499.00
2024-08-16,ELEC-001,Samsung Galaxy M34,electronics,9,18999.00
2024-08-17,FASH-001,Manyavar Kurta Set,fashion,22,2499.00
2024-08-18,GROC-001,Amul Full Cream Milk 1L,grocery,192,68.00
2024-08-19,HOME-004,Bajaj Majesty Rice Cooker,home,6,1299.00
2024-08-20,SPRT-001,Nivia Football,sports,11,649.00
2024-08-21,ELEC-002,boAt Rockerz 450 Headphones,electronics,26,1799.00
2024-08-22,FASH-002,W for Woman Printed Saree,fashion,15,1299.00
2024-08-23,GROC-002,Tata Salt 1kg,grocery,218,28.00
2024-08-24,HOME-002,Milton Thermosteel Flask 1L,home,18,699.00
2024-08-25,SPRT-002,Cosco Cricket Bat,sports,-7,1250.00
2024-08-26,ELEC-003,Realme Narzo 60,electronics,8,14999.00
2024-08-27,FASH-003,Raymond Formal Trousers,fashion,21,2199.00
2024-08-28,GROC-003,Aashirvaad Atta 5kg,grocery,88,280.00
2024-08-29,HOME-003,Asian Paints Tractor Emulsion 4L,home,13,890.00
2024-08-30,SPRT-003,Yonex Badminton Racket,sports,10,1499.00
2024-08-31,ELEC-004,Philips Air Fryer HD9200,electronics,6,6999.00
2024-09-01,FASH-004,Fabindia Cotton Kurta,fashion,15,1599.00
2024-09-02,GROC-004,Maggi Noodles 12-pack,grocery,135,180.00
2024-09-03,HOME-001,Prestige Pressure Cooker 5L,home,10,1850.00
2024-09-04,SPRT-004,Adidas Running Shoes,sports,9,3499.00
2024-09-05,ELEC-001,Samsung Galaxy M34,electronics,13,18999.00
2024-09-06,FASH-001,Manyavar Kurta Set,,24,2499.00
2024-09-07,GROC-001,Amul Full Cream Milk 1L,grocery,200,68.00
2024-09-08,HOME-004,Bajaj Majesty Rice Cooker,home,7,1299.00
2024-09-09,SPRT-001,Nivia Football,sports,12,649.00
2024-09-10,ELEC-002,boAt Rockerz 450 Headphones,electronics,29,1799.00
2024-09-11,FASH-002,W for Woman Printed Saree,fashion,18,1299.00
2024-09-12,GROC-002,Tata Salt 1kg,grocery,222,28.00
2024-09-13,HOME-002,Milton Thermosteel Flask 1L,home,20,699.00
2024-09-14,SPRT-002,Cosco Cricket Bat,sports,8,1250.00
2024-09-15,ELEC-003,Realme Narzo 60,electronics,11,14999.00
2024-09-16,FASH-003,Raymond Formal Trousers,fashion,20,2199.00
2024-09-17,GROC-003,Aashirvaad Atta 5kg,grocery,94,280.00
2024-09-18,HOME-003,Asian Paints Tractor Emulsion 4L,home,14,890.00
2024-09-19,SPRT-003,Yonex Badminton Racket,sports,11,1499.00
2024-09-20,ELEC-004,Philips Air Fryer HD9200,electronics,8,6999.00
2024-09-21,FASH-004,Fabindia Cotton Kurta,fashion,16,1599.00
2024-09-22,GROC-004,Maggi Noodles 12-pack,grocery,138,180.00
2024-09-23,HOME-001,Prestige Pressure Cooker 5L,home,9,1850.00
2024-09-24,SPRT-004,Adidas Running Shoes,sports,7,3499.00
2024-09-25,ELEC-001,Samsung Galaxy M34,electronics,13,18999.00
2024-09-26,FASH-001,Manyavar Kurta Set,fashion,26,2499.00
2024-09-27,GROC-001,Amul Full Cream Milk 1L,grocery,198,68.00
2024-09-28,HOME-004,Bajaj Majesty Rice Cooker,home,8,1299.00
2024-09-29,SPRT-001,Nivia Football,sports,10,649.00
2024-09-30,ELEC-002,boAt Rockerz 450 Headphones,electronics,30,1799.00
2024-10-01,FASH-002,W for Woman Printed Saree,fashion,17,1299.00
2024-10-02,GROC-002,Tata Salt 1kg,grocery,225,28.00
2024-10-03,HOME-002,Milton Thermosteel Flask 1L,home,19,699.00
2024-10-04,SPRT-002,Cosco Cricket Bat,sports,9,1250.00
2024-10-05,ELEC-001,Samsung Galaxy M34,electronics,38,18999.00
2024-10-06,FASH-003,Raymond Formal Trousers,fashion,22,2199.00
2024-10-07,GROC-003,Aashirvaad Atta 5kg,grocery,97,280.00
2024-10-08,HOME-003,Asian Paints Tractor Emulsion 4L,,13,890.00
2024-10-09,SPRT-003,Yonex Badminton Racket,sports,12,1499.00
2024-10-10,ELEC-003,Realme Narzo 60,electronics,45,14999.00
2024-10-11,FASH-004,Fabindia Cotton Kurta,fashion,18,1599.00
2024-10-12,GROC-004,Maggi Noodles 12-pack,grocery,142,180.00
2024-10-13,HOME-001,Prestige Pressure Cooker 5L,home,11,1850.00
2024-10-14,SPRT-004,Adidas Running Shoes,sports,8,3499.00
2024-10-15,ELEC-004,Philips Air Fryer HD9200,electronics,52,6999.00
2024-10-16,FASH-001,Manyavar Kurta Set,fashion,24,2499.00
2024-10-17,GROC-001,Amul Full Cream Milk 1L,grocery,205,68.00
2024-10-18,HOME-004,Bajaj Majesty Rice Cooker,home,9,1299.00
2024-10-19,SPRT-001,Nivia Football,sports,14,649.00
2024-10-20,ELEC-002,boAt Rockerz 450 Headphones,electronics,68,1799.00
2024-10-21,FASH-002,W for Woman Printed Saree,fashion,20,1299.00
2024-10-22,GROC-002,Tata Salt 1kg,grocery,228,28.00
2024-10-23,HOME-002,Milton Thermosteel Flask 1L,home,22,699.00
2024-10-24,SPRT-002,Cosco Cricket Bat,sports,10,1250.00
2024-10-25,ELEC-001,Samsung Galaxy M34,electronics,72,18999.00
2024-10-26,FASH-003,Raymond Formal Trousers,fashion,23,2199.00
2024-10-27,GROC-003,Aashirvaad Atta 5kg,grocery,102,280.00
2024-10-28,HOME-003,Asian Paints Tractor Emulsion 4L,home,15,890.00
2024-10-29,SPRT-003,Yonex Badminton Racket,sports,11,1499.00
2024-10-30,ELEC-003,Realme Narzo 60,electronics,88,14999.00
2024-10-31,FASH-004,Fabindia Cotton Kurta,fashion,21,1599.00
2024-11-01,GROC-004,Maggi Noodles 12-pack,grocery,145,180.00
2024-11-02,HOME-001,Prestige Pressure Cooker 5L,home,13,1850.00
2024-11-03,SPRT-004,Adidas Running Shoes,sports,9,3499.00
2024-11-04,ELEC-004,Philips Air Fryer HD9200,electronics,95,6999.00
2024-11-05,FASH-001,Manyavar Kurta Set,fashion,27,2499.00
2024-11-06,GROC-001,Amul Full Cream Milk 1L,grocery,210,68.00
2024-11-07,HOME-004,Bajaj Majesty Rice Cooker,home,10,1299.00
2024-11-08,SPRT-001,Nivia Football,sports,15,649.00
2024-11-09,ELEC-002,boAt Rockerz 450 Headphones,electronics,110,1799.00
2024-11-10,FASH-002,W for Woman Printed Saree,fashion,22,1299.00
2024-11-11,GROC-002,Tata Salt 1kg,grocery,232,28.00
2024-11-12,HOME-002,Milton Thermosteel Flask 1L,home,21,699.00
2024-11-13,SPRT-002,Cosco Cricket Bat,sports,11,1250.00
2024-11-14,ELEC-001,Samsung Galaxy M34,electronics,98,18999.00
2024-11-14,ELEC-001,Samsung Galaxy M34,electronics,98,18999.00
2024-11-15,FASH-003,Raymond Formal Trousers,fashion,25,2199.00
2024-11-16,GROC-003,Aashirvaad Atta 5kg,grocery,105,280.00
2024-11-17,HOME-003,Asian Paints Tractor Emulsion 4L,home,16,890.00
2024-11-18,SPRT-003,Yonex Badminton Racket,sports,13,1499.00
2024-11-19,ELEC-003,Realme Narzo 60,electronics,115,14999.00
2024-11-20,FASH-004,Fabindia Cotton Kurta,fashion,28,1599.00
2024-11-21,GROC-004,Maggi Noodles 12-pack,grocery,148,180.00
2024-11-22,HOME-001,Prestige Pressure Cooker 5L,home,14,1850.00
2024-11-23,SPRT-004,Adidas Running Shoes,sports,10,3499.00
2024-11-24,ELEC-004,Philips Air Fryer HD9200,electronics,102,6999.00
2024-11-24,ELEC-004,Philips Air Fryer HD9200,electronics,102,6999.00
2024-11-25,FASH-001,Manyavar Kurta Set,fashion,30,2499.00
2024-11-26,GROC-001,Amul Full Cream Milk 1L,grocery,215,68.00
2024-11-27,HOME-004,Bajaj Majesty Rice Cooker,home,9,1299.00
2024-11-28,SPRT-001,Nivia Football,sports,16,649.00
2024-11-29,ELEC-002,boAt Rockerz 450 Headphones,electronics,125,1799.00
2024-11-30,FASH-002,W for Woman Printed Saree,fashion,24,1299.00
2024-12-01,GROC-002,Tata Salt 1kg,grocery,235,28.00
2024-12-02,HOME-002,Milton Thermosteel Flask 1L,home,23,699.00
2024-12-03,SPRT-002,Cosco Cricket Bat,sports,12,1250.00
2024-12-04,ELEC-001,Samsung Galaxy M34,electronics,80,18999.00
2024-12-05,FASH-003,Raymond Formal Trousers,fashion,55,2199.00
2024-12-06,GROC-003,Aashirvaad Atta 5kg,grocery,108,280.00
2024-12-07,HOME-003,Asian Paints Tractor Emulsion 4L,home,17,890.00
2024-12-08,SPRT-003,Yonex Badminton Racket,sports,14,1499.00
2024-12-09,ELEC-003,Realme Narzo 60,electronics,77,14999.00
2024-12-09,ELEC-003,Realme Narzo 60,electronics,77,14999.00
2024-12-10,FASH-004,Fabindia Cotton Kurta,fashion,65,1599.00
2024-12-11,GROC-004,Maggi Noodles 12-pack,grocery,152,180.00
2024-12-12,HOME-001,Prestige Pressure Cooker 5L,home,15,1850.00
2024-12-13,SPRT-004,Adidas Running Shoes,sports,11,3499.00
2024-12-14,ELEC-004,Philips Air Fryer HD9200,electronics,68,6999.00
2024-12-15,FASH-001,Manyavar Kurta Set,fashion,72,2499.00
2024-12-15,FASH-001,Manyavar Kurta Set,fashion,72,2499.00
2024-12-16,GROC-001,Amul Full Cream Milk 1L,grocery,220,68.00
2024-12-17,HOME-004,Bajaj Majesty Rice Cooker,home,11,1299.00
2024-12-18,SPRT-001,Nivia Football,sports,17,649.00
2024-12-19,ELEC-002,boAt Rockerz 450 Headphones,electronics,88,1799.00
2024-12-20,FASH-002,W for Woman Printed Saree,fashion,80,1299.00
2024-12-21,GROC-002,Tata Salt 1kg,grocery,238,28.00
2024-12-22,HOME-002,Milton Thermosteel Flask 1L,home,24,699.00
2024-12-23,SPRT-002,Cosco Cricket Bat,sports,13,1250.00
2024-12-24,ELEC-003,Realme Narzo 60,electronics,60,14999.00
2024-12-25,FASH-003,Raymond Formal Trousers,fashion,70,2199.00
2024-12-26,GROC-003,Aashirvaad Atta 5kg,grocery,112,280.00
2024-12-27,HOME-003,Asian Paints Tractor Emulsion 4L,home,18,890.00
2024-12-28,SPRT-003,Yonex Badminton Racket,sports,15,1499.00
2024-12-29,ELEC-004,Philips Air Fryer HD9200,electronics,55,6999.00
2024-12-30,FASH-004,Fabindia Cotton Kurta,fashion,62,1599.00
2024-12-31,GROC-004,Maggi Noodles 12-pack,grocery,155,180.00
2024-12-31,GROC-004,Maggi Noodles 12-pack,grocery,155,180.00
2024-10-05,ELEC-001,Samsung Galaxy M34,electronics,38,18999.00
2024-11-09,ELEC-002,boAt Rockerz 450 Headphones,electronics,110,1799.00
2024-12-20,FASH-002,W for Woman Printed Saree,fashion,80,1299.00
2024-01-16,FASH-001,Manyavar Kurta Set,fashion,25,1.00
2024-09-30,ELEC-002,boAt Rockerz 450 Headphones,electronics,30,1799.00
